-- phpMyAdmin SQL Dump
-- version 5.0.2
-- https://www.phpmyadmin.net/
--
-- Host: 127.0.0.1
-- Generation Time: Oct 24, 2020 at 03:10 PM
-- Server version: 10.4.13-MariaDB
-- PHP Version: 7.4.8

SET SQL_MODE = "NO_AUTO_VALUE_ON_ZERO";
START TRANSACTION;
SET time_zone = "+00:00";


/*!40101 SET @OLD_CHARACTER_SET_CLIENT=@@CHARACTER_SET_CLIENT */;
/*!40101 SET @OLD_CHARACTER_SET_RESULTS=@@CHARACTER_SET_RESULTS */;
/*!40101 SET @OLD_COLLATION_CONNECTION=@@COLLATION_CONNECTION */;
/*!40101 SET NAMES utf8mb4 */;

--
-- Database: `timkiemthongtin`
--

-- --------------------------------------------------------

--
-- Table structure for table `auth_group`
--

CREATE TABLE `auth_group` (
  `id` int(11) NOT NULL,
  `name` varchar(150) NOT NULL
) ENGINE=InnoDB DEFAULT CHARSET=utf8mb4;

-- --------------------------------------------------------

--
-- Table structure for table `auth_group_permissions`
--

CREATE TABLE `auth_group_permissions` (
  `id` int(11) NOT NULL,
  `group_id` int(11) NOT NULL,
  `permission_id` int(11) NOT NULL
) ENGINE=InnoDB DEFAULT CHARSET=utf8mb4;

-- --------------------------------------------------------

--
-- Table structure for table `auth_permission`
--

CREATE TABLE `auth_permission` (
  `id` int(11) NOT NULL,
  `name` varchar(255) NOT NULL,
  `content_type_id` int(11) NOT NULL,
  `codename` varchar(100) NOT NULL
) ENGINE=InnoDB DEFAULT CHARSET=utf8mb4;

--
-- Dumping data for table `auth_permission`
--

INSERT INTO `auth_permission` (`id`, `name`, `content_type_id`, `codename`) VALUES
(1, 'Can add log entry', 1, 'add_logentry'),
(2, 'Can change log entry', 1, 'change_logentry'),
(3, 'Can delete log entry', 1, 'delete_logentry'),
(4, 'Can view log entry', 1, 'view_logentry'),
(5, 'Can add permission', 2, 'add_permission'),
(6, 'Can change permission', 2, 'change_permission'),
(7, 'Can delete permission', 2, 'delete_permission'),
(8, 'Can view permission', 2, 'view_permission'),
(9, 'Can add group', 3, 'add_group'),
(10, 'Can change group', 3, 'change_group'),
(11, 'Can delete group', 3, 'delete_group'),
(12, 'Can view group', 3, 'view_group'),
(13, 'Can add user', 4, 'add_user'),
(14, 'Can change user', 4, 'change_user'),
(15, 'Can delete user', 4, 'delete_user'),
(16, 'Can view user', 4, 'view_user'),
(17, 'Can add content type', 5, 'add_contenttype'),
(18, 'Can change content type', 5, 'change_contenttype'),
(19, 'Can delete content type', 5, 'delete_contenttype'),
(20, 'Can view content type', 5, 'view_contenttype'),
(21, 'Can add session', 6, 'add_session'),
(22, 'Can change session', 6, 'change_session'),
(23, 'Can delete session', 6, 'delete_session'),
(24, 'Can view session', 6, 'view_session'),
(25, 'Can add student', 7, 'add_student'),
(26, 'Can change student', 7, 'change_student'),
(27, 'Can delete student', 7, 'delete_student'),
(28, 'Can view student', 7, 'view_student'),
(29, 'Can add student image', 8, 'add_studentimage'),
(30, 'Can change student image', 8, 'change_studentimage'),
(31, 'Can delete student image', 8, 'delete_studentimage'),
(32, 'Can view student image', 8, 'view_studentimage');

-- --------------------------------------------------------

--
-- Table structure for table `auth_user`
--

CREATE TABLE `auth_user` (
  `id` int(11) NOT NULL,
  `password` varchar(128) NOT NULL,
  `last_login` datetime(6) DEFAULT NULL,
  `is_superuser` tinyint(1) NOT NULL,
  `username` varchar(150) NOT NULL,
  `first_name` varchar(150) NOT NULL,
  `last_name` varchar(150) NOT NULL,
  `email` varchar(254) NOT NULL,
  `is_staff` tinyint(1) NOT NULL,
  `is_active` tinyint(1) NOT NULL,
  `date_joined` datetime(6) NOT NULL
) ENGINE=InnoDB DEFAULT CHARSET=utf8mb4;

--
-- Dumping data for table `auth_user`
--

INSERT INTO `auth_user` (`id`, `password`, `last_login`, `is_superuser`, `username`, `first_name`, `last_name`, `email`, `is_staff`, `is_active`, `date_joined`) VALUES
(1, 'pbkdf2_sha256$216000$RRgIXuIEFYqp$YHb0zacMPyu+D9VPQ6yieC6GV8tYQ44KWLJbu3iUP9w=', '2020-10-21 02:25:51.068107', 1, 'admin', '', '', 'admin@gmail.com', 1, 1, '2020-10-21 02:23:19.779455');

-- --------------------------------------------------------

--
-- Table structure for table `auth_user_groups`
--

CREATE TABLE `auth_user_groups` (
  `id` int(11) NOT NULL,
  `user_id` int(11) NOT NULL,
  `group_id` int(11) NOT NULL
) ENGINE=InnoDB DEFAULT CHARSET=utf8mb4;

-- --------------------------------------------------------

--
-- Table structure for table `auth_user_user_permissions`
--

CREATE TABLE `auth_user_user_permissions` (
  `id` int(11) NOT NULL,
  `user_id` int(11) NOT NULL,
  `permission_id` int(11) NOT NULL
) ENGINE=InnoDB DEFAULT CHARSET=utf8mb4;

-- --------------------------------------------------------

--
-- Table structure for table `django_admin_log`
--

CREATE TABLE `django_admin_log` (
  `id` int(11) NOT NULL,
  `action_time` datetime(6) NOT NULL,
  `object_id` longtext DEFAULT NULL,
  `object_repr` varchar(200) NOT NULL,
  `action_flag` smallint(5) UNSIGNED NOT NULL CHECK (`action_flag` >= 0),
  `change_message` longtext NOT NULL,
  `content_type_id` int(11) DEFAULT NULL,
  `user_id` int(11) NOT NULL
) ENGINE=InnoDB DEFAULT CHARSET=utf8mb4;

--
-- Dumping data for table `django_admin_log`
--

INSERT INTO `django_admin_log` (`id`, `action_time`, `object_id`, `object_repr`, `action_flag`, `change_message`, `content_type_id`, `user_id`) VALUES
(1, '2020-10-21 02:27:16.376855', '1', 'Bùy Thị Hồng Thúy', 1, '[{\"added\": {}}]', 7, 1),
(2, '2020-10-21 02:27:31.308164', '1', 'StudentImage object (1)', 1, '[{\"added\": {}}]', 8, 1),
(3, '2020-10-21 02:27:42.378006', '2', 'StudentImage object (2)', 1, '[{\"added\": {}}]', 8, 1),
(4, '2020-10-21 02:27:53.279791', '3', 'StudentImage object (3)', 1, '[{\"added\": {}}]', 8, 1),
(5, '2020-10-21 02:29:04.371911', '2', 'Ngô Thị Diệu Linh', 1, '[{\"added\": {}}]', 7, 1),
(6, '2020-10-21 02:29:04.632077', '3', 'Ngô Thị Diệu Linh', 1, '[{\"added\": {}}]', 7, 1),
(7, '2020-10-21 02:29:19.747583', '4', 'StudentImage object (4)', 1, '[{\"added\": {}}]', 8, 1),
(8, '2020-10-21 02:29:46.072347', '5', 'StudentImage object (5)', 1, '[{\"added\": {}}]', 8, 1),
(9, '2020-10-21 02:30:07.815629', '3', 'Ngô Thị Diệu Linh', 3, '', 7, 1),
(10, '2020-10-21 02:30:22.032383', '5', 'StudentImage object (5)', 2, '[{\"changed\": {\"fields\": [\"Image\"]}}]', 8, 1),
(11, '2020-10-21 02:30:42.950525', '2', 'Ngô Thị Diệu Linh', 2, '[{\"changed\": {\"fields\": [\"Phone\"]}}]', 7, 1),
(12, '2020-10-21 02:30:54.650218', '6', 'StudentImage object (6)', 1, '[{\"added\": {}}]', 8, 1),
(13, '2020-10-21 03:12:48.722352', '7', 'StudentImage object (7)', 1, '[{\"added\": {}}]', 8, 1),
(14, '2020-10-21 03:13:13.144637', '8', 'StudentImage object (8)', 1, '[{\"added\": {}}]', 8, 1),
(15, '2020-10-21 03:17:15.861834', '4', 'Đinh Thị Hồng Hạnh', 1, '[{\"added\": {}}]', 7, 1),
(16, '2020-10-21 03:17:22.776995', '9', 'StudentImage object (9)', 1, '[{\"added\": {}}]', 8, 1),
(17, '2020-10-21 03:17:51.739257', '10', 'StudentImage object (10)', 1, '[{\"added\": {}}]', 8, 1),
(18, '2020-10-21 03:18:08.138939', '11', 'StudentImage object (11)', 1, '[{\"added\": {}}]', 8, 1),
(19, '2020-10-21 03:18:19.842075', '12', 'StudentImage object (12)', 1, '[{\"added\": {}}]', 8, 1),
(20, '2020-10-21 03:20:52.251598', '5', 'Đình Tuấn', 1, '[{\"added\": {}}]', 7, 1),
(21, '2020-10-21 03:20:54.760926', '13', 'StudentImage object (13)', 1, '[{\"added\": {}}]', 8, 1),
(22, '2020-10-21 03:21:07.660583', '14', 'StudentImage object (14)', 1, '[{\"added\": {}}]', 8, 1),
(23, '2020-10-21 03:21:19.817255', '15', 'StudentImage object (15)', 1, '[{\"added\": {}}]', 8, 1),
(24, '2020-10-21 03:21:30.027617', '16', 'StudentImage object (16)', 1, '[{\"added\": {}}]', 8, 1),
(25, '2020-10-21 03:22:49.852772', '6', 'Hồ Tuấn Hải', 1, '[{\"added\": {}}]', 7, 1),
(26, '2020-10-21 03:22:52.251403', '17', 'StudentImage object (17)', 1, '[{\"added\": {}}]', 8, 1),
(27, '2020-10-21 03:23:05.526759', '18', 'StudentImage object (18)', 1, '[{\"added\": {}}]', 8, 1),
(28, '2020-10-21 03:23:15.361183', '19', 'StudentImage object (19)', 1, '[{\"added\": {}}]', 8, 1),
(29, '2020-10-21 03:23:29.772557', '20', 'StudentImage object (20)', 1, '[{\"added\": {}}]', 8, 1),
(30, '2020-10-21 03:24:26.690070', '7', 'Hoàng Tuấn Anh', 1, '[{\"added\": {}}]', 7, 1),
(31, '2020-10-21 03:24:28.850738', '21', 'StudentImage object (21)', 1, '[{\"added\": {}}]', 8, 1),
(32, '2020-10-21 03:24:42.747568', '22', 'StudentImage object (22)', 1, '[{\"added\": {}}]', 8, 1),
(33, '2020-10-21 03:25:01.461308', '23', 'StudentImage object (23)', 1, '[{\"added\": {}}]', 8, 1),
(34, '2020-10-21 03:25:18.820787', '24', 'StudentImage object (24)', 1, '[{\"added\": {}}]', 8, 1),
(35, '2020-10-21 03:26:50.111558', '8', 'Hoàng Văn Hài', 1, '[{\"added\": {}}]', 7, 1),
(36, '2020-10-21 03:26:52.615562', '25', 'StudentImage object (25)', 1, '[{\"added\": {}}]', 8, 1),
(37, '2020-10-21 03:27:05.571565', '26', 'StudentImage object (26)', 1, '[{\"added\": {}}]', 8, 1),
(38, '2020-10-21 03:27:14.214710', '27', 'StudentImage object (27)', 1, '[{\"added\": {}}]', 8, 1),
(39, '2020-10-21 03:27:25.660015', '28', 'StudentImage object (28)', 1, '[{\"added\": {}}]', 8, 1),
(40, '2020-10-21 03:28:13.707480', '9', 'Hồ Trọng Nguyên', 1, '[{\"added\": {}}]', 7, 1),
(41, '2020-10-21 03:28:16.056425', '29', 'StudentImage object (29)', 1, '[{\"added\": {}}]', 8, 1),
(42, '2020-10-21 03:28:34.591826', '30', 'StudentImage object (30)', 1, '[{\"added\": {}}]', 8, 1),
(43, '2020-10-21 03:28:45.179956', '31', 'StudentImage object (31)', 1, '[{\"added\": {}}]', 8, 1),
(44, '2020-10-21 03:29:30.133554', '10', 'Lê Đức Minh Nhật', 1, '[{\"added\": {}}]', 7, 1),
(45, '2020-10-21 03:29:31.969928', '32', 'StudentImage object (32)', 1, '[{\"added\": {}}]', 8, 1),
(46, '2020-10-21 03:29:42.209962', '33', 'StudentImage object (33)', 1, '[{\"added\": {}}]', 8, 1),
(47, '2020-10-21 03:29:51.288423', '34', 'StudentImage object (34)', 1, '[{\"added\": {}}]', 8, 1),
(48, '2020-10-21 03:30:06.817404', '35', 'StudentImage object (35)', 1, '[{\"added\": {}}]', 8, 1),
(49, '2020-10-21 03:30:16.832140', '36', 'StudentImage object (36)', 1, '[{\"added\": {}}]', 8, 1),
(50, '2020-10-21 03:30:55.061380', '35', 'StudentImage object (35)', 3, '', 8, 1),
(51, '2020-10-21 03:32:02.825104', '11', 'Lê Khắc Luyện', 1, '[{\"added\": {}}]', 7, 1),
(52, '2020-10-21 03:32:04.558871', '37', 'StudentImage object (37)', 1, '[{\"added\": {}}]', 8, 1),
(53, '2020-10-21 03:32:13.421205', '38', 'StudentImage object (38)', 1, '[{\"added\": {}}]', 8, 1),
(54, '2020-10-21 03:32:25.649241', '39', 'StudentImage object (39)', 1, '[{\"added\": {}}]', 8, 1),
(55, '2020-10-21 03:32:38.213253', '40', 'StudentImage object (40)', 1, '[{\"added\": {}}]', 8, 1),
(56, '2020-10-21 03:33:35.881965', '12', 'Lê Quỳnh Nhi', 1, '[{\"added\": {}}]', 7, 1),
(57, '2020-10-21 03:33:37.958934', '41', 'StudentImage object (41)', 1, '[{\"added\": {}}]', 8, 1),
(58, '2020-10-21 03:33:47.479814', '42', 'StudentImage object (42)', 1, '[{\"added\": {}}]', 8, 1),
(59, '2020-10-21 03:33:58.040127', '43', 'StudentImage object (43)', 1, '[{\"added\": {}}]', 8, 1),
(60, '2020-10-21 03:34:26.061063', '44', 'StudentImage object (44)', 1, '[{\"added\": {}}]', 8, 1),
(61, '2020-10-21 03:35:05.077309', '13', 'Chu Việt Long', 1, '[{\"added\": {}}]', 7, 1),
(62, '2020-10-21 03:35:06.972854', '45', 'StudentImage object (45)', 1, '[{\"added\": {}}]', 8, 1),
(63, '2020-10-21 03:35:17.599492', '46', 'StudentImage object (46)', 1, '[{\"added\": {}}]', 8, 1),
(64, '2020-10-21 03:35:28.977090', '47', 'StudentImage object (47)', 1, '[{\"added\": {}}]', 8, 1),
(65, '2020-10-21 03:35:48.011179', '48', 'StudentImage object (48)', 1, '[{\"added\": {}}]', 8, 1),
(66, '2020-10-21 03:36:40.200286', '14', 'Nghiêm Đình Nam', 1, '[{\"added\": {}}]', 7, 1),
(67, '2020-10-21 03:36:42.490724', '49', 'StudentImage object (49)', 1, '[{\"added\": {}}]', 8, 1),
(68, '2020-10-21 03:36:51.727688', '50', 'StudentImage object (50)', 1, '[{\"added\": {}}]', 8, 1),
(69, '2020-10-21 03:37:01.482274', '51', 'StudentImage object (51)', 1, '[{\"added\": {}}]', 8, 1),
(70, '2020-10-21 03:37:11.748613', '52', 'StudentImage object (52)', 1, '[{\"added\": {}}]', 8, 1),
(71, '2020-10-21 03:38:06.421537', '15', 'Ngô Hiền', 1, '[{\"added\": {}}]', 7, 1),
(72, '2020-10-21 03:38:08.914135', '53', 'StudentImage object (53)', 1, '[{\"added\": {}}]', 8, 1),
(73, '2020-10-21 03:38:19.210072', '54', 'StudentImage object (54)', 1, '[{\"added\": {}}]', 8, 1),
(74, '2020-10-21 03:38:37.574518', '55', 'StudentImage object (55)', 1, '[{\"added\": {}}]', 8, 1),
(75, '2020-10-21 03:38:53.293192', '56', 'StudentImage object (56)', 1, '[{\"added\": {}}]', 8, 1),
(76, '2020-10-21 03:40:06.334581', '16', 'Nguyễn Đăng Quân', 1, '[{\"added\": {}}]', 7, 1),
(77, '2020-10-21 03:40:08.392002', '57', 'StudentImage object (57)', 1, '[{\"added\": {}}]', 8, 1),
(78, '2020-10-21 03:40:21.257047', '58', 'StudentImage object (58)', 1, '[{\"added\": {}}]', 8, 1),
(79, '2020-10-21 03:40:37.955940', '59', 'StudentImage object (59)', 1, '[{\"added\": {}}]', 8, 1),
(80, '2020-10-21 03:40:58.782584', '60', 'StudentImage object (60)', 1, '[{\"added\": {}}]', 8, 1),
(81, '2020-10-21 03:41:44.364929', '17', 'Nguyễn Sĩ Tùng', 1, '[{\"added\": {}}]', 7, 1),
(82, '2020-10-21 03:41:48.892041', '61', 'StudentImage object (61)', 1, '[{\"added\": {}}]', 8, 1),
(83, '2020-10-21 03:41:58.798727', '62', 'StudentImage object (62)', 1, '[{\"added\": {}}]', 8, 1),
(84, '2020-10-21 03:42:08.529086', '63', 'StudentImage object (63)', 1, '[{\"added\": {}}]', 8, 1),
(85, '2020-10-21 03:42:20.079014', '64', 'StudentImage object (64)', 1, '[{\"added\": {}}]', 8, 1),
(86, '2020-10-21 03:43:06.178959', '18', 'Nguyễn Thành Đô', 1, '[{\"added\": {}}]', 7, 1),
(87, '2020-10-21 03:43:11.876266', '65', 'StudentImage object (65)', 1, '[{\"added\": {}}]', 8, 1),
(88, '2020-10-21 03:43:31.752101', '66', 'StudentImage object (66)', 1, '[{\"added\": {}}]', 8, 1),
(89, '2020-10-21 03:43:43.332435', '67', 'StudentImage object (67)', 1, '[{\"added\": {}}]', 8, 1),
(90, '2020-10-21 03:43:56.275957', '68', 'StudentImage object (68)', 1, '[{\"added\": {}}]', 8, 1),
(91, '2020-10-21 03:44:48.618782', '19', 'Nguyễn Thị Ánh Nguyệt', 1, '[{\"added\": {}}]', 7, 1),
(92, '2020-10-21 03:44:50.798107', '69', 'StudentImage object (69)', 1, '[{\"added\": {}}]', 8, 1),
(93, '2020-10-21 03:45:01.358061', '70', 'StudentImage object (70)', 1, '[{\"added\": {}}]', 8, 1),
(94, '2020-10-21 03:45:11.639595', '71', 'StudentImage object (71)', 1, '[{\"added\": {}}]', 8, 1),
(95, '2020-10-21 03:45:22.565825', '72', 'StudentImage object (72)', 1, '[{\"added\": {}}]', 8, 1),
(96, '2020-10-21 03:46:17.419463', '20', 'Nguyễn Thị Hà My', 1, '[{\"added\": {}}]', 7, 1),
(97, '2020-10-21 03:46:19.061233', '73', 'StudentImage object (73)', 1, '[{\"added\": {}}]', 8, 1),
(98, '2020-10-21 03:46:30.227720', '74', 'StudentImage object (74)', 1, '[{\"added\": {}}]', 8, 1),
(99, '2020-10-21 03:46:41.225210', '75', 'StudentImage object (75)', 1, '[{\"added\": {}}]', 8, 1),
(100, '2020-10-21 03:47:24.989185', '21', 'Nguyễn Thị Phương', 1, '[{\"added\": {}}]', 7, 1),
(101, '2020-10-21 03:47:27.378528', '76', 'StudentImage object (76)', 1, '[{\"added\": {}}]', 8, 1),
(102, '2020-10-21 03:47:42.048481', '77', 'StudentImage object (77)', 1, '[{\"added\": {}}]', 8, 1),
(103, '2020-10-21 03:47:52.339203', '78', 'StudentImage object (78)', 1, '[{\"added\": {}}]', 8, 1),
(104, '2020-10-21 03:48:04.077998', '79', 'StudentImage object (79)', 1, '[{\"added\": {}}]', 8, 1),
(105, '2020-10-21 03:48:48.119117', '22', 'Nguyễn Xuân Sơn', 1, '[{\"added\": {}}]', 7, 1),
(106, '2020-10-21 03:48:51.142994', '80', 'StudentImage object (80)', 1, '[{\"added\": {}}]', 8, 1),
(107, '2020-10-21 03:49:01.435324', '81', 'StudentImage object (81)', 1, '[{\"added\": {}}]', 8, 1),
(108, '2020-10-21 03:49:12.494178', '82', 'StudentImage object (82)', 1, '[{\"added\": {}}]', 8, 1),
(109, '2020-10-21 03:49:23.445634', '83', 'StudentImage object (83)', 1, '[{\"added\": {}}]', 8, 1),
(110, '2020-10-21 03:50:00.553131', '23', 'Phạm Lan Anh', 1, '[{\"added\": {}}]', 7, 1),
(111, '2020-10-21 03:50:02.517990', '84', 'StudentImage object (84)', 1, '[{\"added\": {}}]', 8, 1),
(112, '2020-10-21 03:50:13.774978', '85', 'StudentImage object (85)', 1, '[{\"added\": {}}]', 8, 1),
(113, '2020-10-21 03:50:26.828584', '86', 'StudentImage object (86)', 1, '[{\"added\": {}}]', 8, 1),
(114, '2020-10-21 03:50:38.582876', '87', 'StudentImage object (87)', 1, '[{\"added\": {}}]', 8, 1),
(115, '2020-10-21 03:51:18.269196', '24', 'Quốc Cường', 1, '[{\"added\": {}}]', 7, 1),
(116, '2020-10-21 03:51:22.527990', '88', 'StudentImage object (88)', 1, '[{\"added\": {}}]', 8, 1),
(117, '2020-10-21 03:51:35.067543', '89', 'StudentImage object (89)', 1, '[{\"added\": {}}]', 8, 1),
(118, '2020-10-21 03:51:45.518865', '90', 'StudentImage object (90)', 1, '[{\"added\": {}}]', 8, 1),
(119, '2020-10-21 03:51:57.274998', '91', 'StudentImage object (91)', 1, '[{\"added\": {}}]', 8, 1),
(120, '2020-10-21 03:52:41.890663', '25', 'Trần Như Sơn', 1, '[{\"added\": {}}]', 7, 1),
(121, '2020-10-21 03:52:44.010555', '92', 'StudentImage object (92)', 1, '[{\"added\": {}}]', 8, 1),
(122, '2020-10-21 03:52:55.126494', '93', 'StudentImage object (93)', 1, '[{\"added\": {}}]', 8, 1),
(123, '2020-10-21 03:53:11.534595', '94', 'StudentImage object (94)', 1, '[{\"added\": {}}]', 8, 1),
(124, '2020-10-21 03:53:24.076604', '95', 'StudentImage object (95)', 1, '[{\"added\": {}}]', 8, 1),
(125, '2020-10-21 03:53:53.486557', '95', 'StudentImage object (95)', 2, '[{\"changed\": {\"fields\": [\"Image\"]}}]', 8, 1),
(126, '2020-10-21 03:54:37.486136', '26', 'Võ Thanh Hải', 1, '[{\"added\": {}}]', 7, 1),
(127, '2020-10-21 03:54:39.444360', '96', 'StudentImage object (96)', 1, '[{\"added\": {}}]', 8, 1),
(128, '2020-10-21 03:54:57.756714', '97', 'StudentImage object (97)', 1, '[{\"added\": {}}]', 8, 1),
(129, '2020-10-21 03:55:15.290386', '98', 'StudentImage object (98)', 1, '[{\"added\": {}}]', 8, 1),
(130, '2020-10-21 03:55:28.425959', '99', 'StudentImage object (99)', 1, '[{\"added\": {}}]', 8, 1),
(131, '2020-10-21 03:56:07.430925', '27', 'Vũ Hải Đăng', 1, '[{\"added\": {}}]', 7, 1),
(132, '2020-10-21 03:56:09.974667', '100', 'StudentImage object (100)', 1, '[{\"added\": {}}]', 8, 1),
(133, '2020-10-21 03:57:00.738205', '28', 'Vũ Minh Thông', 1, '[{\"added\": {}}]', 7, 1),
(134, '2020-10-21 03:57:03.350017', '101', 'StudentImage object (101)', 1, '[{\"added\": {}}]', 8, 1),
(135, '2020-10-21 03:57:58.904797', '29', 'Xuân Anh', 1, '[{\"added\": {}}]', 7, 1),
(136, '2020-10-21 03:58:01.238624', '102', 'StudentImage object (102)', 1, '[{\"added\": {}}]', 8, 1),
(137, '2020-10-21 03:58:14.872549', '103', 'StudentImage object (103)', 1, '[{\"added\": {}}]', 8, 1),
(138, '2020-10-21 03:58:38.197855', '104', 'StudentImage object (104)', 1, '[{\"added\": {}}]', 8, 1),
(139, '2020-10-21 03:58:52.028852', '105', 'StudentImage object (105)', 1, '[{\"added\": {}}]', 8, 1),
(140, '2020-10-21 14:24:23.902418', '106', 'StudentImage object (106)', 1, '[{\"added\": {}}]', 8, 1),
(141, '2020-10-21 14:24:51.891519', '107', 'StudentImage object (107)', 1, '[{\"added\": {}}]', 8, 1),
(142, '2020-10-21 14:25:36.494767', '108', 'StudentImage object (108)', 1, '[{\"added\": {}}]', 8, 1),
(143, '2020-10-21 14:25:55.172859', '109', 'StudentImage object (109)', 1, '[{\"added\": {}}]', 8, 1),
(144, '2020-10-21 14:26:10.197268', '110', 'StudentImage object (110)', 1, '[{\"added\": {}}]', 8, 1),
(145, '2020-10-21 14:26:53.553253', '111', 'StudentImage object (111)', 1, '[{\"added\": {}}]', 8, 1),
(146, '2020-10-21 14:28:31.705566', '30', 'Nguyễn Đức Thịnh', 1, '[{\"added\": {}}]', 7, 1),
(147, '2020-10-21 14:28:33.779820', '112', 'StudentImage object (112)', 1, '[{\"added\": {}}]', 8, 1),
(148, '2020-10-21 14:29:27.949049', '31', 'Nguyễn Tấn Dũng', 1, '[{\"added\": {}}]', 7, 1),
(149, '2020-10-21 14:29:29.424722', '113', 'StudentImage object (113)', 1, '[{\"added\": {}}]', 8, 1),
(150, '2020-10-21 14:29:45.547746', '114', 'StudentImage object (114)', 1, '[{\"added\": {}}]', 8, 1),
(151, '2020-10-21 14:29:58.044527', '115', 'StudentImage object (115)', 1, '[{\"added\": {}}]', 8, 1),
(152, '2020-10-21 14:34:41.207405', '32', 'Nguyễn Minh Quang', 1, '[{\"added\": {}}]', 7, 1),
(153, '2020-10-21 14:34:42.893140', '116', 'StudentImage object (116)', 1, '[{\"added\": {}}]', 8, 1),
(154, '2020-10-21 14:41:34.790373', '24', 'StudentImage object (24)', 2, '[{\"changed\": {\"fields\": [\"Image\"]}}]', 8, 1),
(155, '2020-10-21 14:44:38.092297', '99', 'StudentImage object (99)', 2, '[{\"changed\": {\"fields\": [\"Image\"]}}]', 8, 1),
(156, '2020-10-21 14:56:19.922382', '82', 'StudentImage object (82)', 2, '[{\"changed\": {\"fields\": [\"Image\"]}}]', 8, 1),
(157, '2020-10-21 15:03:11.828229', '27', 'Bùi Hải Đăng', 2, '[{\"changed\": {\"fields\": [\"Name\"]}}]', 7, 1),
(158, '2020-10-21 15:08:48.640329', '33', 'Nông thị Minh', 1, '[{\"added\": {}}]', 7, 1),
(159, '2020-10-21 15:08:50.654171', '117', 'StudentImage object (117)', 1, '[{\"added\": {}}]', 8, 1),
(160, '2020-10-21 15:12:32.454865', '34', 'Dương Minh Quân', 1, '[{\"added\": {}}]', 7, 1),
(161, '2020-10-21 15:12:34.865771', '118', 'StudentImage object (118)', 1, '[{\"added\": {}}]', 8, 1),
(162, '2020-10-21 15:22:45.676855', '15', 'Nguyễn Ngọc Hiền', 2, '[{\"changed\": {\"fields\": [\"Name\"]}}]', 7, 1),
(163, '2020-10-21 15:26:18.637234', '31', 'Nguyễn Tấn Dũng', 3, '', 7, 1),
(164, '2020-10-22 03:30:44.617971', '119', 'StudentImage object (119)', 1, '[{\"added\": {}}]', 8, 1),
(165, '2020-10-22 03:30:57.185658', '120', 'StudentImage object (120)', 1, '[{\"added\": {}}]', 8, 1),
(166, '2020-10-22 03:32:15.809891', '121', 'StudentImage object (121)', 1, '[{\"added\": {}}]', 8, 1),
(167, '2020-10-22 03:32:35.796019', '122', 'StudentImage object (122)', 1, '[{\"added\": {}}]', 8, 1),
(168, '2020-10-22 03:32:50.437295', '123', 'StudentImage object (123)', 1, '[{\"added\": {}}]', 8, 1),
(169, '2020-10-22 03:33:51.374842', '124', 'StudentImage object (124)', 1, '[{\"added\": {}}]', 8, 1),
(170, '2020-10-22 03:34:05.110694', '125', 'StudentImage object (125)', 1, '[{\"added\": {}}]', 8, 1),
(171, '2020-10-22 03:34:17.712284', '126', 'StudentImage object (126)', 1, '[{\"added\": {}}]', 8, 1),
(172, '2020-10-22 03:35:23.364509', '35', 'Bùi Thị Vui', 1, '[{\"added\": {}}]', 7, 1),
(173, '2020-10-22 03:35:25.697594', '127', 'StudentImage object (127)', 1, '[{\"added\": {}}]', 8, 1),
(174, '2020-10-22 03:35:37.930524', '128', 'StudentImage object (128)', 1, '[{\"added\": {}}]', 8, 1),
(175, '2020-10-22 03:35:52.472845', '129', 'StudentImage object (129)', 1, '[{\"added\": {}}]', 8, 1),
(176, '2020-10-22 03:36:05.444553', '130', 'StudentImage object (130)', 1, '[{\"added\": {}}]', 8, 1),
(177, '2020-10-22 03:36:51.556144', '36', 'Đàm Quang Toàn', 1, '[{\"added\": {}}]', 7, 1),
(178, '2020-10-22 03:36:53.893364', '131', 'StudentImage object (131)', 1, '[{\"added\": {}}]', 8, 1),
(179, '2020-10-22 03:37:05.876629', '132', 'StudentImage object (132)', 1, '[{\"added\": {}}]', 8, 1),
(180, '2020-10-22 03:38:15.734125', '37', 'Đặng Văn Tú', 1, '[{\"added\": {}}]', 7, 1),
(181, '2020-10-22 03:38:17.634149', '133', 'StudentImage object (133)', 1, '[{\"added\": {}}]', 8, 1),
(182, '2020-10-22 03:39:17.853961', '38', 'Dương Ngọc Quỳnh An', 1, '[{\"added\": {}}]', 7, 1),
(183, '2020-10-22 03:39:19.300301', '134', 'StudentImage object (134)', 1, '[{\"added\": {}}]', 8, 1),
(184, '2020-10-22 03:39:31.532113', '135', 'StudentImage object (135)', 1, '[{\"added\": {}}]', 8, 1),
(185, '2020-10-22 03:39:44.874901', '136', 'StudentImage object (136)', 1, '[{\"added\": {}}]', 8, 1),
(186, '2020-10-22 03:39:55.926673', '137', 'StudentImage object (137)', 1, '[{\"added\": {}}]', 8, 1),
(187, '2020-10-22 03:40:28.465162', '39', 'Khuất Đình Sơn', 1, '[{\"added\": {}}]', 7, 1),
(188, '2020-10-22 03:40:30.415254', '138', 'StudentImage object (138)', 1, '[{\"added\": {}}]', 8, 1),
(189, '2020-10-22 03:40:40.645870', '139', 'StudentImage object (139)', 1, '[{\"added\": {}}]', 8, 1),
(190, '2020-10-22 03:40:53.142108', '140', 'StudentImage object (140)', 1, '[{\"added\": {}}]', 8, 1),
(191, '2020-10-22 03:41:04.075576', '141', 'StudentImage object (141)', 1, '[{\"added\": {}}]', 8, 1),
(192, '2020-10-22 03:41:50.087711', '40', 'Lê Hồ Tuấn Phong', 1, '[{\"added\": {}}]', 7, 1),
(193, '2020-10-22 03:41:51.676613', '142', 'StudentImage object (142)', 1, '[{\"added\": {}}]', 8, 1),
(194, '2020-10-22 03:42:03.215376', '143', 'StudentImage object (143)', 1, '[{\"added\": {}}]', 8, 1),
(195, '2020-10-22 03:42:18.049769', '144', 'StudentImage object (144)', 1, '[{\"added\": {}}]', 8, 1),
(196, '2020-10-22 03:42:32.570044', '145', 'StudentImage object (145)', 1, '[{\"added\": {}}]', 8, 1),
(197, '2020-10-22 03:43:20.596299', '41', 'Ngô Diệu Ngân', 1, '[{\"added\": {}}]', 7, 1),
(198, '2020-10-22 03:43:22.556517', '146', 'StudentImage object (146)', 1, '[{\"added\": {}}]', 8, 1),
(199, '2020-10-22 03:43:34.511030', '147', 'StudentImage object (147)', 1, '[{\"added\": {}}]', 8, 1),
(200, '2020-10-22 03:43:50.059967', '148', 'StudentImage object (148)', 1, '[{\"added\": {}}]', 8, 1),
(201, '2020-10-22 03:44:47.970596', '149', 'StudentImage object (149)', 1, '[{\"added\": {}}]', 8, 1),
(202, '2020-10-22 03:45:41.467577', '42', 'Nguyễn Anh Tú', 1, '[{\"added\": {}}]', 7, 1),
(203, '2020-10-22 03:45:44.080269', '150', 'StudentImage object (150)', 1, '[{\"added\": {}}]', 8, 1),
(204, '2020-10-22 03:45:57.077466', '151', 'StudentImage object (151)', 1, '[{\"added\": {}}]', 8, 1),
(205, '2020-10-22 03:46:08.388019', '152', 'StudentImage object (152)', 1, '[{\"added\": {}}]', 8, 1),
(206, '2020-10-22 03:46:21.336521', '153', 'StudentImage object (153)', 1, '[{\"added\": {}}]', 8, 1),
(207, '2020-10-22 03:46:59.616090', '43', 'Nguyễn Anh Tuấn', 1, '[{\"added\": {}}]', 7, 1),
(208, '2020-10-22 03:47:02.168254', '154', 'StudentImage object (154)', 1, '[{\"added\": {}}]', 8, 1),
(209, '2020-10-22 03:47:18.187770', '155', 'StudentImage object (155)', 1, '[{\"added\": {}}]', 8, 1),
(210, '2020-10-22 03:47:30.259798', '156', 'StudentImage object (156)', 1, '[{\"added\": {}}]', 8, 1),
(211, '2020-10-22 03:47:41.352541', '157', 'StudentImage object (157)', 1, '[{\"added\": {}}]', 8, 1),
(212, '2020-10-22 03:48:17.515567', '44', 'Nguyễn Đức Mạnh', 1, '[{\"added\": {}}]', 7, 1),
(213, '2020-10-22 03:48:19.685612', '158', 'StudentImage object (158)', 1, '[{\"added\": {}}]', 8, 1),
(214, '2020-10-22 03:48:34.995628', '159', 'StudentImage object (159)', 1, '[{\"added\": {}}]', 8, 1),
(215, '2020-10-22 03:48:54.527776', '160', 'StudentImage object (160)', 1, '[{\"added\": {}}]', 8, 1),
(216, '2020-10-22 03:49:07.435882', '161', 'StudentImage object (161)', 1, '[{\"added\": {}}]', 8, 1),
(217, '2020-10-22 03:49:44.848274', '45', 'Nguyễn Hoàng Long', 1, '[{\"added\": {}}]', 7, 1),
(218, '2020-10-22 03:49:47.297212', '162', 'StudentImage object (162)', 1, '[{\"added\": {}}]', 8, 1),
(219, '2020-10-22 03:50:00.177584', '163', 'StudentImage object (163)', 1, '[{\"added\": {}}]', 8, 1),
(220, '2020-10-22 03:50:12.889860', '164', 'StudentImage object (164)', 1, '[{\"added\": {}}]', 8, 1),
(221, '2020-10-22 03:50:26.858401', '165', 'StudentImage object (165)', 1, '[{\"added\": {}}]', 8, 1),
(222, '2020-10-22 03:50:53.305438', '165', 'StudentImage object (165)', 2, '[{\"changed\": {\"fields\": [\"Image\"]}}]', 8, 1),
(223, '2020-10-22 03:51:35.026274', '46', 'Nguyễn Thị Thắm', 1, '[{\"added\": {}}]', 7, 1),
(224, '2020-10-22 03:51:37.330642', '166', 'StudentImage object (166)', 1, '[{\"added\": {}}]', 8, 1),
(225, '2020-10-22 03:51:49.250368', '167', 'StudentImage object (167)', 1, '[{\"added\": {}}]', 8, 1),
(226, '2020-10-22 03:52:00.057837', '168', 'StudentImage object (168)', 1, '[{\"added\": {}}]', 8, 1),
(227, '2020-10-22 03:52:11.390338', '169', 'StudentImage object (169)', 1, '[{\"added\": {}}]', 8, 1),
(228, '2020-10-22 03:53:04.693167', '47', 'Nguyễn Thu Thảo', 1, '[{\"added\": {}}]', 7, 1),
(229, '2020-10-22 03:53:08.135262', '170', 'StudentImage object (170)', 1, '[{\"added\": {}}]', 8, 1),
(230, '2020-10-22 03:53:24.372046', '171', 'StudentImage object (171)', 1, '[{\"added\": {}}]', 8, 1),
(231, '2020-10-22 03:53:35.996506', '172', 'StudentImage object (172)', 1, '[{\"added\": {}}]', 8, 1),
(232, '2020-10-22 03:54:26.393031', '48', 'Phan Thị Ngọc Ánh', 1, '[{\"added\": {}}]', 7, 1),
(233, '2020-10-22 03:54:28.857553', '173', 'StudentImage object (173)', 1, '[{\"added\": {}}]', 8, 1),
(234, '2020-10-22 03:54:44.136828', '174', 'StudentImage object (174)', 1, '[{\"added\": {}}]', 8, 1),
(235, '2020-10-22 03:54:56.156837', '175', 'StudentImage object (175)', 1, '[{\"added\": {}}]', 8, 1),
(236, '2020-10-22 03:55:08.641001', '176', 'StudentImage object (176)', 1, '[{\"added\": {}}]', 8, 1),
(237, '2020-10-22 03:55:45.674026', '49', 'Thân Minh Trí', 1, '[{\"added\": {}}]', 7, 1),
(238, '2020-10-22 03:55:48.286650', '177', 'StudentImage object (177)', 1, '[{\"added\": {}}]', 8, 1),
(239, '2020-10-22 03:56:01.729550', '178', 'StudentImage object (178)', 1, '[{\"added\": {}}]', 8, 1),
(240, '2020-10-22 03:56:13.457046', '179', 'StudentImage object (179)', 1, '[{\"added\": {}}]', 8, 1),
(241, '2020-10-22 03:57:01.816626', '50', 'Trần Thị Dạ Thảo', 1, '[{\"added\": {}}]', 7, 1),
(242, '2020-10-22 03:57:03.757962', '180', 'StudentImage object (180)', 1, '[{\"added\": {}}]', 8, 1),
(243, '2020-10-22 03:57:13.994602', '181', 'StudentImage object (181)', 1, '[{\"added\": {}}]', 8, 1),
(244, '2020-10-22 03:57:28.183539', '182', 'StudentImage object (182)', 1, '[{\"added\": {}}]', 8, 1),
(245, '2020-10-22 03:57:37.885687', '183', 'StudentImage object (183)', 1, '[{\"added\": {}}]', 8, 1),
(246, '2020-10-22 03:58:23.030176', '51', 'Vũ Đức Bảo', 1, '[{\"added\": {}}]', 7, 1),
(247, '2020-10-22 03:58:28.153313', '184', 'StudentImage object (184)', 1, '[{\"added\": {}}]', 8, 1),
(248, '2020-10-22 03:58:39.702318', '185', 'StudentImage object (185)', 1, '[{\"added\": {}}]', 8, 1),
(249, '2020-10-22 03:58:50.426451', '186', 'StudentImage object (186)', 1, '[{\"added\": {}}]', 8, 1),
(250, '2020-10-22 03:59:01.284389', '187', 'StudentImage object (187)', 1, '[{\"added\": {}}]', 8, 1),
(251, '2020-10-22 03:59:39.135411', '52', 'Vũ Minh Đức', 1, '[{\"added\": {}}]', 7, 1),
(252, '2020-10-22 03:59:41.301981', '188', 'StudentImage object (188)', 1, '[{\"added\": {}}]', 8, 1),
(253, '2020-10-22 03:59:53.048048', '189', 'StudentImage object (189)', 1, '[{\"added\": {}}]', 8, 1),
(254, '2020-10-22 04:00:07.060605', '190', 'StudentImage object (190)', 1, '[{\"added\": {}}]', 8, 1),
(255, '2020-10-22 04:00:17.814331', '191', 'StudentImage object (191)', 1, '[{\"added\": {}}]', 8, 1),
(256, '2020-10-22 04:00:57.253747', '53', 'Vũ Minh Huy', 1, '[{\"added\": {}}]', 7, 1),
(257, '2020-10-22 04:01:05.450968', '192', 'StudentImage object (192)', 1, '[{\"added\": {}}]', 8, 1),
(258, '2020-10-22 04:01:15.788939', '193', 'StudentImage object (193)', 1, '[{\"added\": {}}]', 8, 1),
(259, '2020-10-22 04:01:26.574153', '194', 'StudentImage object (194)', 1, '[{\"added\": {}}]', 8, 1),
(260, '2020-10-22 04:01:37.962586', '195', 'StudentImage object (195)', 1, '[{\"added\": {}}]', 8, 1),
(261, '2020-10-22 04:02:11.941704', '54', 'Vũ Trường Xuân', 1, '[{\"added\": {}}]', 7, 1),
(262, '2020-10-22 04:02:13.541214', '196', 'StudentImage object (196)', 1, '[{\"added\": {}}]', 8, 1),
(263, '2020-10-22 04:02:24.084080', '197', 'StudentImage object (197)', 1, '[{\"added\": {}}]', 8, 1),
(264, '2020-10-22 04:13:52.649476', '130', 'StudentImage object (130)', 2, '[{\"changed\": {\"fields\": [\"Image\"]}}]', 8, 1),
(265, '2020-10-22 04:14:32.987888', '161', 'StudentImage object (161)', 2, '[{\"changed\": {\"fields\": [\"Image\"]}}]', 8, 1),
(266, '2020-10-22 04:16:14.410605', '198', 'StudentImage object (198)', 1, '[{\"added\": {}}]', 8, 1),
(267, '2020-10-22 04:27:57.035886', '119', 'StudentImage object (119)', 2, '[{\"changed\": {\"fields\": [\"Image\"]}}]', 8, 1),
(268, '2020-10-22 04:35:41.432730', '199', 'StudentImage object (199)', 1, '[{\"added\": {}}]', 8, 1),
(269, '2020-10-22 04:35:57.816157', '200', 'StudentImage object (200)', 1, '[{\"added\": {}}]', 8, 1),
(270, '2020-10-22 14:43:45.227522', '55', 'Nguyễn Thị Huệ', 1, '[{\"added\": {}}]', 7, 1),
(271, '2020-10-22 14:43:47.618539', '201', 'StudentImage object (201)', 1, '[{\"added\": {}}]', 8, 1),
(272, '2020-10-22 14:44:03.551996', '202', 'StudentImage object (202)', 1, '[{\"added\": {}}]', 8, 1),
(273, '2020-10-22 14:49:05.947729', '56', 'Vũ Thị Hạnh Trang', 1, '[{\"added\": {}}]', 7, 1),
(274, '2020-10-22 14:49:07.916002', '203', 'StudentImage object (203)', 1, '[{\"added\": {}}]', 8, 1),
(275, '2020-10-22 14:49:28.929648', '204', 'StudentImage object (204)', 1, '[{\"added\": {}}]', 8, 1),
(276, '2020-10-22 14:49:49.586760', '205', 'StudentImage object (205)', 1, '[{\"added\": {}}]', 8, 1),
(277, '2020-10-22 14:50:06.060962', '206', 'StudentImage object (206)', 1, '[{\"added\": {}}]', 8, 1),
(278, '2020-10-22 14:53:26.218830', '57', 'Vũ Thị Như Quỳnh', 1, '[{\"added\": {}}]', 7, 1),
(279, '2020-10-22 14:53:32.443823', '207', 'StudentImage object (207)', 1, '[{\"added\": {}}]', 8, 1),
(280, '2020-10-22 14:53:55.040915', '208', 'StudentImage object (208)', 1, '[{\"added\": {}}]', 8, 1),
(281, '2020-10-22 14:54:20.817680', '209', 'StudentImage object (209)', 1, '[{\"added\": {}}]', 8, 1),
(282, '2020-10-22 14:56:20.003294', '210', 'StudentImage object (210)', 1, '[{\"added\": {}}]', 8, 1),
(283, '2020-10-22 14:58:06.312880', '58', 'Trần Ngọc Bích', 1, '[{\"added\": {}}]', 7, 1),
(284, '2020-10-22 14:58:08.405632', '211', 'StudentImage object (211)', 1, '[{\"added\": {}}]', 8, 1),
(285, '2020-10-22 14:58:21.113657', '212', 'StudentImage object (212)', 1, '[{\"added\": {}}]', 8, 1),
(286, '2020-10-22 14:59:46.842415', '213', 'StudentImage object (213)', 1, '[{\"added\": {}}]', 8, 1),
(287, '2020-10-22 15:00:38.293784', '214', 'StudentImage object (214)', 1, '[{\"added\": {}}]', 8, 1),
(288, '2020-10-22 15:11:22.887501', '58', 'Trần Ngọc Bích', 3, '', 7, 1),
(289, '2020-10-22 15:11:22.968642', '57', 'Vũ Thị Như Quỳnh', 3, '', 7, 1),
(290, '2020-10-22 15:11:22.991530', '56', 'Vũ Thị Hạnh Trang', 3, '', 7, 1),
(291, '2020-10-22 15:11:23.013275', '55', 'Nguyễn Thị Huệ', 3, '', 7, 1),
(292, '2020-10-22 15:20:32.031087', '59', 'Trần Ngọc Bích', 1, '[{\"added\": {}}]', 7, 1),
(293, '2020-10-22 15:20:34.885066', '215', 'StudentImage object (215)', 1, '[{\"added\": {}}]', 8, 1),
(294, '2020-10-22 15:20:59.572378', '216', 'StudentImage object (216)', 1, '[{\"added\": {}}]', 8, 1),
(295, '2020-10-22 15:21:13.146767', '217', 'StudentImage object (217)', 1, '[{\"added\": {}}]', 8, 1),
(296, '2020-10-22 15:21:47.778540', '218', 'StudentImage object (218)', 1, '[{\"added\": {}}]', 8, 1),
(297, '2020-10-22 15:22:48.334969', '60', 'Vũ Thị Như Quỳnh', 1, '[{\"added\": {}}]', 7, 1),
(298, '2020-10-22 15:22:50.165886', '219', 'StudentImage object (219)', 1, '[{\"added\": {}}]', 8, 1),
(299, '2020-10-22 15:23:13.921371', '220', 'StudentImage object (220)', 1, '[{\"added\": {}}]', 8, 1),
(300, '2020-10-22 15:23:47.990858', '221', 'StudentImage object (221)', 1, '[{\"added\": {}}]', 8, 1),
(301, '2020-10-22 15:24:01.966282', '222', 'StudentImage object (222)', 1, '[{\"added\": {}}]', 8, 1),
(302, '2020-10-22 15:25:09.380857', '61', 'Nguyễn Thị Huệ', 1, '[{\"added\": {}}]', 7, 1),
(303, '2020-10-22 15:25:11.185775', '223', 'StudentImage object (223)', 1, '[{\"added\": {}}]', 8, 1),
(304, '2020-10-22 15:25:38.329698', '224', 'StudentImage object (224)', 1, '[{\"added\": {}}]', 8, 1),
(305, '2020-10-22 15:25:56.058812', '225', 'StudentImage object (225)', 1, '[{\"added\": {}}]', 8, 1),
(306, '2020-10-22 15:26:36.508860', '62', 'Vũ Thị Hạnh Trang', 1, '[{\"added\": {}}]', 7, 1),
(307, '2020-10-22 15:26:38.594281', '226', 'StudentImage object (226)', 1, '[{\"added\": {}}]', 8, 1),
(308, '2020-10-22 15:26:55.434082', '227', 'StudentImage object (227)', 1, '[{\"added\": {}}]', 8, 1),
(309, '2020-10-22 15:27:13.808110', '228', 'StudentImage object (228)', 1, '[{\"added\": {}}]', 8, 1),
(310, '2020-10-22 15:27:29.497170', '229', 'StudentImage object (229)', 1, '[{\"added\": {}}]', 8, 1),
(311, '2020-10-22 15:34:42.609649', '34', 'Dương Minh Quân', 3, '', 7, 1),
(312, '2020-10-22 15:38:33.755186', '36', 'Đàm Quang Toàn', 3, '', 7, 1),
(313, '2020-10-22 15:42:09.028795', '63', 'Bùi Thị Vui', 1, '[{\"added\": {}}]', 7, 1),
(314, '2020-10-22 15:42:11.433040', '230', 'StudentImage object (230)', 1, '[{\"added\": {}}]', 8, 1),
(315, '2020-10-22 15:42:51.193481', '231', 'StudentImage object (231)', 1, '[{\"added\": {}}]', 8, 1),
(316, '2020-10-22 15:43:12.070853', '232', 'StudentImage object (232)', 1, '[{\"added\": {}}]', 8, 1),
(317, '2020-10-22 15:44:29.459674', '64', 'Đàm Quang Toàn', 1, '[{\"added\": {}}]', 7, 1),
(318, '2020-10-22 15:44:30.886442', '233', 'StudentImage object (233)', 1, '[{\"added\": {}}]', 8, 1),
(319, '2020-10-22 15:44:41.901797', '234', 'StudentImage object (234)', 1, '[{\"added\": {}}]', 8, 1),
(320, '2020-10-22 16:04:45.562209', '225', 'StudentImage object (225)', 2, '[{\"changed\": {\"fields\": [\"Image\"]}}]', 8, 1),
(321, '2020-10-22 16:07:17.224914', '79', 'StudentImage object (79)', 2, '[{\"changed\": {\"fields\": [\"Image\"]}}]', 8, 1),
(322, '2020-10-23 08:01:54.638572', '63', 'Bùi Thị Vui', 3, '', 7, 1),
(323, '2020-10-23 14:54:53.168064', '65', 'Trương Hoàng Giang', 1, '[{\"added\": {}}]', 7, 1),
(324, '2020-10-23 14:54:55.806882', '235', 'StudentImage object (235)', 1, '[{\"added\": {}}]', 8, 1),
(325, '2020-10-23 14:55:09.331233', '236', 'StudentImage object (236)', 1, '[{\"added\": {}}]', 8, 1),
(326, '2020-10-23 15:19:39.149958', '66', 'Nguyễn Văn Phong', 1, '[{\"added\": {}}]', 7, 1),
(327, '2020-10-23 15:19:41.587362', '237', 'StudentImage object (237)', 1, '[{\"added\": {}}]', 8, 1),
(328, '2020-10-23 15:20:14.161799', '238', 'StudentImage object (238)', 1, '[{\"added\": {}}]', 8, 1),
(329, '2020-10-23 15:20:45.985823', '239', 'StudentImage object (239)', 1, '[{\"added\": {}}]', 8, 1),
(330, '2020-10-23 15:29:18.846387', '240', 'StudentImage object (240)', 1, '[{\"added\": {}}]', 8, 1),
(331, '2020-10-23 15:29:36.810039', '241', 'StudentImage object (241)', 1, '[{\"added\": {}}]', 8, 1),
(332, '2020-10-24 02:12:45.752426', '67', 'Nguyễn Bảo Long', 1, '[{\"added\": {}}]', 7, 1),
(333, '2020-10-24 02:12:50.991603', '242', 'StudentImage object (242)', 1, '[{\"added\": {}}]', 8, 1),
(334, '2020-10-24 02:13:07.477596', '243', 'StudentImage object (243)', 1, '[{\"added\": {}}]', 8, 1),
(335, '2020-10-24 02:13:23.429442', '244', 'StudentImage object (244)', 1, '[{\"added\": {}}]', 8, 1),
(336, '2020-10-24 02:13:37.434908', '245', 'StudentImage object (245)', 1, '[{\"added\": {}}]', 8, 1),
(337, '2020-10-24 02:20:48.139077', '246', 'StudentImage object (246)', 1, '[{\"added\": {}}]', 8, 1),
(338, '2020-10-24 02:26:21.477353', '247', 'StudentImage object (247)', 1, '[{\"added\": {}}]', 8, 1),
(339, '2020-10-24 04:27:48.976704', '32', 'Nguyễn Minh Quang', 3, '', 7, 1),
(340, '2020-10-24 04:28:21.200575', '68', 'Nguyễn Minh Quang', 1, '[{\"added\": {}}]', 7, 1),
(341, '2020-10-24 04:28:22.915559', '248', 'StudentImage object (248)', 1, '[{\"added\": {}}]', 8, 1),
(342, '2020-10-24 04:28:40.532434', '249', 'StudentImage object (249)', 1, '[{\"added\": {}}]', 8, 1),
(343, '2020-10-24 04:29:01.273767', '250', 'StudentImage object (250)', 1, '[{\"added\": {}}]', 8, 1),
(344, '2020-10-24 04:29:36.249582', '251', 'StudentImage object (251)', 1, '[{\"added\": {}}]', 8, 1),
(345, '2020-10-24 06:53:56.778696', '49', 'Thân Minh Trí', 3, '', 7, 1);

-- --------------------------------------------------------

--
-- Table structure for table `django_content_type`
--

CREATE TABLE `django_content_type` (
  `id` int(11) NOT NULL,
  `app_label` varchar(100) NOT NULL,
  `model` varchar(100) NOT NULL
) ENGINE=InnoDB DEFAULT CHARSET=utf8mb4;

--
-- Dumping data for table `django_content_type`
--

INSERT INTO `django_content_type` (`id`, `app_label`, `model`) VALUES
(1, 'admin', 'logentry'),
(3, 'auth', 'group'),
(2, 'auth', 'permission'),
(4, 'auth', 'user'),
(5, 'contenttypes', 'contenttype'),
(7, 'face', 'student'),
(8, 'face', 'studentimage'),
(6, 'sessions', 'session');

-- --------------------------------------------------------

--
-- Table structure for table `django_migrations`
--

CREATE TABLE `django_migrations` (
  `id` int(11) NOT NULL,
  `app` varchar(255) NOT NULL,
  `name` varchar(255) NOT NULL,
  `applied` datetime(6) NOT NULL
) ENGINE=InnoDB DEFAULT CHARSET=utf8mb4;

--
-- Dumping data for table `django_migrations`
--

INSERT INTO `django_migrations` (`id`, `app`, `name`, `applied`) VALUES
(1, 'contenttypes', '0001_initial', '2020-10-21 02:22:28.411338'),
(2, 'auth', '0001_initial', '2020-10-21 02:22:30.834825'),
(3, 'admin', '0001_initial', '2020-10-21 02:22:38.651490'),
(4, 'admin', '0002_logentry_remove_auto_add', '2020-10-21 02:22:40.851458'),
(5, 'admin', '0003_logentry_add_action_flag_choices', '2020-10-21 02:22:40.909456'),
(6, 'contenttypes', '0002_remove_content_type_name', '2020-10-21 02:22:41.714284'),
(7, 'auth', '0002_alter_permission_name_max_length', '2020-10-21 02:22:42.790264'),
(8, 'auth', '0003_alter_user_email_max_length', '2020-10-21 02:22:42.915378'),
(9, 'auth', '0004_alter_user_username_opts', '2020-10-21 02:22:43.167563'),
(10, 'auth', '0005_alter_user_last_login_null', '2020-10-21 02:22:43.864608'),
(11, 'auth', '0006_require_contenttypes_0002', '2020-10-21 02:22:43.912968'),
(12, 'auth', '0007_alter_validators_add_error_messages', '2020-10-21 02:22:43.964447'),
(13, 'auth', '0008_alter_user_username_max_length', '2020-10-21 02:22:44.026368'),
(14, 'auth', '0009_alter_user_last_name_max_length', '2020-10-21 02:22:44.236709'),
(15, 'auth', '0010_alter_group_name_max_length', '2020-10-21 02:22:44.681439'),
(16, 'auth', '0011_update_proxy_permissions', '2020-10-21 02:22:44.732557'),
(17, 'auth', '0012_alter_user_first_name_max_length', '2020-10-21 02:22:44.834350'),
(18, 'face', '0001_initial', '2020-10-21 02:22:45.280492'),
(19, 'sessions', '0001_initial', '2020-10-21 02:22:47.208710');

-- --------------------------------------------------------

--
-- Table structure for table `django_session`
--

CREATE TABLE `django_session` (
  `session_key` varchar(40) NOT NULL,
  `session_data` longtext NOT NULL,
  `expire_date` datetime(6) NOT NULL
) ENGINE=InnoDB DEFAULT CHARSET=utf8mb4;

--
-- Dumping data for table `django_session`
--

INSERT INTO `django_session` (`session_key`, `session_data`, `expire_date`) VALUES
('mbtk5gvbe2y6vo2xy6ituoonsrv0cr28', '.eJxVjMEOwiAQRP-FsyESwF08evcbyLIsUjU0Ke3J-O-2pge9TCbzZualIi1zjUuXKQ5ZnZVRh98sET-kbSDfqd1GzWObpyHpraJ32vV1zPK87N2_g0q9ruviCT2BzdZIOorjYtEjoIAPwREkLObrkYDIsCvWu1X45MAGzur9AeRSN8w:1kV3p1:tBYrKjthBSwkPO0uHSwqipCqTYm8c0Ju36FSbwrddBA', '2020-11-04 02:25:51.226290');

-- --------------------------------------------------------

--
-- Table structure for table `face_student`
--

CREATE TABLE `face_student` (
  `id` int(11) NOT NULL,
  `name` varchar(30) NOT NULL,
  `age` int(11) NOT NULL,
  `phone` int(11) NOT NULL,
  `address` varchar(50) NOT NULL
) ENGINE=InnoDB DEFAULT CHARSET=utf8mb4;

--
-- Dumping data for table `face_student`
--

INSERT INTO `face_student` (`id`, `name`, `age`, `phone`, `address`) VALUES
(1, 'Bùy Thị Hồng Thúy', 21, 1234567890, 'Hà Nội'),
(2, 'Ngô Thị Diệu Linh', 21, 912345678, 'Hà Nội'),
(4, 'Đinh Thị Hồng Hạnh', 21, 1111111111, 'Đà Nẵng'),
(5, 'Đình Tuấn', 21, 913212111, 'Cầu giấy, Hà Nội'),
(6, 'Hồ Tuấn Hải', 21, 376431422, 'Cầu giấy, Hà Nội'),
(7, 'Hoàng Tuấn Anh', 21, 376431333, 'Hà Đông, Hà Nội'),
(8, 'Hoàng Văn Hài', 22, 336431441, 'Quận Hoàng Mai, Hà Nội'),
(9, 'Hồ Trọng Nguyên', 21, 372431441, 'Hà Đông, Hà Nội'),
(10, 'Lê Đức Minh Nhật', 21, 232431441, 'Cầu giấy, Hà Nội'),
(11, 'Lê Khắc Luyện', 21, 226431441, 'Hà Đông, Hà Nội'),
(12, 'Lê Quỳnh Nhi', 21, 123431441, 'Nguyễn Trãi, Hà Nội'),
(13, 'Chu Việt Long', 21, 231431441, 'Cầu Giấy, Hà Nội'),
(14, 'Nghiêm Đình Nam', 21, 221431441, 'Hà Đông, Hà Nội'),
(15, 'Nguyễn Ngọc Hiền', 21, 444431441, 'Hà Nội'),
(16, 'Nguyễn Đăng Quân', 21, 1234567890, 'Nguyễn Trãi, Hà Nội'),
(17, 'Nguyễn Sĩ Tùng', 21, 223431441, 'Nguyễn Tuân, Hà Nội'),
(18, 'Nguyễn Thành Đô', 21, 234431441, 'Hà Đông, Hà Nội'),
(19, 'Nguyễn Thị Ánh Nguyệt', 21, 22431441, 'Hà Nội'),
(20, 'Nguyễn Thị Hà My', 21, 316431441, 'Hà Nội'),
(21, 'Nguyễn Thị Phương', 21, 888431441, 'Hà Đông, Hà Nội'),
(22, 'Nguyễn Xuân Sơn', 21, 231431441, 'Hà Nội'),
(23, 'Phạm Lan Anh', 21, 372231442, 'Hà Nội'),
(24, 'Quốc Cường', 21, 321431441, 'Hà Đông, Hà Nội'),
(25, 'Trần Như Sơn', 21, 399431441, 'Khu đô thị sala, Hà Đông'),
(26, 'Võ Thanh Hải', 21, 333431441, 'Hà Nội'),
(27, 'Bùi Hải Đăng', 21, 211431441, 'Hà Nội'),
(28, 'Vũ Minh Thông', 21, 213123211, 'Hà Nội'),
(29, 'Xuân Anh', 21, 999431441, 'Hà Nội'),
(30, 'Nguyễn Đức Thịnh', 21, 116431441, 'Láng Hạ, Hà Nội'),
(33, 'Nông thị Minh', 21, 39431441, 'Cầu giấy, Hà Nội'),
(35, 'Bùi Thị Vui', 21, 332431441, 'Ký túc Xã Mễ Trì'),
(37, 'Đặng Văn Tú', 21, 777431441, 'Hà Đông, Hà Nội'),
(38, 'Dương Ngọc Quỳnh An', 21, 355431441, 'Quanh trường'),
(39, 'Khuất Đình Sơn', 21, 666431441, 'Khu đô thị sala, Hà Đông'),
(40, 'Lê Hồ Tuấn Phong', 21, 558431441, 'Nguyễn Trãi, Hà Nội'),
(41, 'Ngô Diệu Ngân', 21, 996431441, 'Nguyễn Trãi, Hà Nội'),
(42, 'Nguyễn Anh Tú', 21, 376431448, 'Hà Nội'),
(43, 'Nguyễn Anh Tuấn', 21, 376431440, 'Nguyễn Tuân, Hà Nội'),
(44, 'Nguyễn Đức Mạnh', 21, 556431441, 'Nguyễn Trãi, Hà Nội'),
(45, 'Nguyễn Hoàng Long', 21, 211431441, 'Hà Nội'),
(46, 'Nguyễn Thị Thắm', 21, 213431441, 'Cầu giấy, Hà Nội'),
(47, 'Nguyễn Thu Thảo', 21, 316431441, 'Hà Nội'),
(48, 'Phan Thị Ngọc Ánh', 21, 328431441, 'Nguyễn Tuân, Hà Nội'),
(50, 'Trần Thị Dạ Thảo', 21, 765431441, 'Nguyễn Tuân, Hà Nội'),
(51, 'Vũ Đức Bảo', 21, 356431441, 'Hà Đông, Hà Nội'),
(52, 'Vũ Minh Đức', 21, 356431441, 'Hà Nội'),
(53, 'Vũ Minh Huy', 21, 359431441, 'Hà Nội'),
(54, 'Vũ Trường Xuân', 21, 226431441, 'Nguyễn Tuân, Hà Nội'),
(59, 'Trần Ngọc Bích', 21, 399431441, 'Nguyễn Trãi, Hà Nội'),
(60, 'Vũ Thị Như Quỳnh', 21, 226431441, 'Nguyễn Trãi, Hà Nội'),
(61, 'Nguyễn Thị Huệ', 21, 399431441, 'Hà Nội'),
(62, 'Vũ Thị Hạnh Trang', 21, 360431441, 'Hà Đông, Hà Nội'),
(64, 'Đàm Quang Toàn', 21, 376431449, 'Hà Nội'),
(65, 'Trương Hoàng Giang', 21, 756431441, 'Hà Nội'),
(66, 'Nguyễn Văn Phong', 21, 366431440, 'Nguyễn Tuân, Hà Nội'),
(67, 'Nguyễn Bảo Long', 21, 376431441, 'Thanh Trì, Hà Nội'),
(68, 'Nguyễn Minh Quang', 21, 379931440, 'Nguyễn Trãi, Hà Nội');

-- --------------------------------------------------------

--
-- Table structure for table `face_studentimage`
--

CREATE TABLE `face_studentimage` (
  `id` int(11) NOT NULL,
  `image` varchar(100) NOT NULL,
  `student_id` int(11) NOT NULL
) ENGINE=InnoDB DEFAULT CHARSET=utf8mb4;

--
-- Dumping data for table `face_studentimage`
--

INSERT INTO `face_studentimage` (`id`, `image`, `student_id`) VALUES
(1, 'know/Captur231e.PNG', 1),
(2, 'know/image_1.png', 1),
(3, 'know/image_2.jpg', 1),
(5, 'know/Capture_9P7HnFy.PNG', 2),
(6, 'know/Capture_1_reXqrfB.PNG', 2),
(7, 'know/ngo_thi_dieu_linh_2020_10_18_01_50_13.jpg', 2),
(8, 'know/ngo_thi_dieu_linh_2020_10_18_01_49_50.jpg', 2),
(9, 'know/Capture_1_FSdsMJy.PNG', 4),
(10, 'know/Capture_3.PNG', 4),
(11, 'know/Capture_4.PNG', 4),
(12, 'know/Capture_5.PNG', 4),
(13, 'know/Capture_YrXAgZf.PNG', 5),
(14, 'know/Capture_1_1XoIp3s.PNG', 5),
(15, 'know/Capture_2.PNG', 5),
(16, 'know/Capture_4_G4dTTIw.PNG', 5),
(17, 'know/Capture_lS5kynt.PNG', 6),
(18, 'know/Capture_1_J2X6A00.PNG', 6),
(19, 'know/Capture_2_BBd2aAS.PNG', 6),
(20, 'know/Capture_4_csoWaVZ.PNG', 6),
(21, 'know/Capture_UQXoi3d.PNG', 7),
(22, 'know/Capture_2_UQS1RMB.png', 7),
(23, 'know/Capture_3_rsv4ttw.PNG', 7),
(24, 'know/122121328_277676723400987_1097600526421960024_n.jpg', 7),
(25, 'know/hoang_van_hai_2020_10_18_01_57_11.jpg', 8),
(26, 'know/hoang_van_hai_2020_10_18_01_57_19.jpg', 8),
(27, 'know/Cap22tu222212131re.PNG', 8),
(28, 'know/hoang_van_hai_2020_10_18_01_57_34.jpg', 8),
(29, 'know/Capture_CH0xhOj.PNG', 9),
(30, 'know/Capture_1_mstLMxw.PNG', 9),
(31, 'know/Capture_3_PuCY0sz.PNG', 9),
(32, 'know/Capture_ameY6vX.PNG', 10),
(33, 'know/Capture_1_itxtKTE.PNG', 10),
(34, 'know/Capture_2_rRa9KT1.PNG', 10),
(36, 'know/Capture_4_anIgNAX.PNG', 10),
(37, 'know/121595422_1241458829557640_2345536106735819889_n.png', 11),
(38, 'know/Capture_gwwJada.PNG', 11),
(39, 'know/Capture_1_ReA8RYC.PNG', 11),
(40, 'know/Capture_3_UrUdml8.PNG', 11),
(41, 'know/Capture_tfBFfpe.PNG', 12),
(42, 'know/Capture_2_lhKGsyN.PNG', 12),
(43, 'know/Capture_3_rpD40uj.PNG', 12),
(44, 'know/Capture_4_kNz6ybS.PNG', 12),
(45, 'know/long_chu_2020_10_18_01_53_56.jpg', 13),
(46, 'know/long_chu_2020_10_18_01_54_04.jpg', 13),
(47, 'know/long_chu_2020_10_18_01_54_13.jpg', 13),
(48, 'know/long_chu_2020_10_18_01_54_21.jpg', 13),
(49, 'know/nghiem_dinh_nam_2020_10_18_01_37_29.jpg', 14),
(50, 'know/nghiem_dinh_nam_2020_10_18_01_38_39.jpg', 14),
(51, 'know/nghiem_dinh_nam_2020_10_18_01_39_28.jpg', 14),
(52, 'know/nghiem_dinh_nam_2020_10_18_01_40_03.jpg', 14),
(53, 'know/Capture_SGQRZtT.PNG', 15),
(54, 'know/Capture_3_n0QlRS3.PNG', 15),
(55, 'know/Capture_4_i7lNxvU.PNG', 15),
(56, 'know/Capture_1_8sl6heg.PNG', 15),
(57, 'know/Capture_azHwavb.PNG', 16),
(58, 'know/Capture_3_a8KlyKP.PNG', 16),
(59, 'know/Capture_2_UTZglXZ.PNG', 16),
(60, 'know/image_1_v4kYAou.png', 16),
(61, 'know/image_1.jpg', 17),
(62, 'know/image_2_2HSonr5.jpg', 17),
(63, 'know/image_3.jpg', 17),
(64, 'know/image_4.jpg', 17),
(65, 'know/Capture_4_grfBLVn.PNG', 18),
(66, 'know/Capture_5_0OBkHdb.PNG', 18),
(67, 'know/Capture_2_LWhCHBl.PNG', 18),
(68, 'know/Capture_1_DHy9TGA.PNG', 18),
(69, 'know/nguyen_thi_anh_nguyet_2020_10_18_01_52_34.jpg', 19),
(70, 'know/nguyen_thi_anh_nguyet_2020_10_18_01_52_45.jpg', 19),
(71, 'know/nguyen_thi_anh_nguyet_2020_10_18_01_52_57.jpg', 19),
(72, 'know/nguyen_thi_anh_nguyet_2020_10_18_01_53_06.jpg', 19),
(73, 'know/Capture_vQ1UnfR.PNG', 20),
(74, 'know/Capture_1_tqYj9rm.PNG', 20),
(75, 'know/Capture_3_1i9GH76.PNG', 20),
(76, 'know/Capture_1_WcJT6UV.PNG', 21),
(77, 'know/Capture_2_xjyWMlf.PNG', 21),
(78, 'know/Capture_3_018ATYH.PNG', 21),
(79, 'know/121675273_265174698155521_461726335655993658_n.png', 21),
(80, 'know/Capture_C5Iapxf.PNG', 22),
(81, 'know/Capture_1_TnhdF3s.PNG', 22),
(82, 'know/121738195_778322186284890_6851340987452545767_n.jpg', 22),
(83, 'know/Capture_3_EVl5ntU.PNG', 22),
(84, 'know/Capture_aDFESdX.PNG', 23),
(85, 'know/Capture_1_hIQrNBW.PNG', 23),
(86, 'know/Capture_2_NsDCZbo.PNG', 23),
(87, 'know/Capture_4_U1FxEcB.PNG', 23),
(88, 'know/Capture_lG5gnVR.PNG', 24),
(89, 'know/Capture_1_FF8oVNk.PNG', 24),
(90, 'know/Capture_2_66ZAmRU.PNG', 24),
(91, 'know/Capture_3_oi0RYWN.PNG', 24),
(92, 'know/Tran_Nhu_Son_2020_10_18_01_55_32.jpg', 25),
(93, 'know/Tran_Nhu_Son_2020_10_18_01_55_55.jpg', 25),
(94, 'know/Tran_Nhu_Son_2020_10_18_01_55_47.jpg', 25),
(95, 'know/122155944_985861368579854_4035970694515109531_n.jpg', 25),
(96, 'know/122026034_978493282669695_8240738300963853682_n.png', 26),
(97, 'know/Capture_1_NmrqjlY.PNG', 26),
(98, 'know/Capture_2_Hj4VTfY.PNG', 26),
(99, 'know/122026034_978493282669695_8240738300963853682_n_1.jpg', 26),
(100, 'know/Capture_SszJK9A.PNG', 27),
(101, 'know/121520895_2741143822802019_4176757341360107729_n.png', 28),
(102, 'know/Capture_vDK4zSG.PNG', 29),
(103, 'know/Capture_2_Dw3UFEd.PNG', 29),
(104, 'know/Captu12111re.PNG', 29),
(105, 'know/Capture_5_5cgEwVb.PNG', 29),
(106, 'know/121574356_2785906068312523_6939928630243834025_n.png', 27),
(107, 'know/121597452_1262626637441660_7580503167230066078_n.jpg', 27),
(108, 'know/121520895_2741143822802019_4176757341360107729_n.jpg', 28),
(109, 'know/121798164_902207130522589_9025719343795655150_n.jpg', 28),
(110, 'know/121801542_1062812587506089_4777203126222957983_n.jpg', 28),
(111, 'know/121702662_1475601245972854_7772656266044005037_n.png', 1),
(112, 'know/121693958_1256181928062784_7535265062142685934_n.jpg', 30),
(117, 'know/119259550_961334987693495_7863810514513613558_n.jpg', 33),
(121, 'know/Capture2.PNG', 33),
(122, 'know/Capture1.PNG', 33),
(123, 'know/2020_10_18_23_49_10.PNG', 33),
(124, 'know/Capture_b9Z9OHT.PNG', 30),
(125, 'know/Capture1_GzF6mny.PNG', 30),
(126, 'know/Capture2_QzgzQ52.PNG', 30),
(127, 'know/2222ff.PNG', 35),
(128, 'know/Capture_HedExsi.PNG', 35),
(129, 'know/Captur22e.PNG', 35),
(130, 'know/119067508_322612545618578_3544279834646277089_n.jpg', 35),
(133, 'know/Capture2_P2f3OAm.PNG', 37),
(134, 'know/51364618_1139924412847204_8860026591116263424_o.jpg', 38),
(135, 'know/91381260_1484521515054157_4359557123026190336_o.jpg', 38),
(136, 'know/Capture_L5NKpPW.PNG', 38),
(137, 'know/Capture2_kJ6gNj2.PNG', 38),
(138, 'know/82916885_2557973797821593_5253665062312214528_n.jpg', 39),
(139, 'know/109162709_2703191693299802_3078404945130992649_n.jpg', 39),
(140, 'know/Capture_xFuH4qB.PNG', 39),
(141, 'know/Capture2121.PNG', 39),
(142, 'know/Capture_pgDcsDB.PNG', 40),
(143, 'know/Capture1_VhuAMCv.PNG', 40),
(144, 'know/Capture3.PNG', 40),
(145, 'know/Capture4.PNG', 40),
(146, 'know/119066726_327220525180598_6330267196542629361_n.jpg', 41),
(147, 'know/Capture1_pftgvmy.PNG', 41),
(148, 'know/Capture_ErV42R7.PNG', 41),
(149, 'know/Capture3_q7PyGtA.PNG', 41),
(150, 'know/Capture_OFtM8Wb.PNG', 42),
(151, 'know/Capture1_TiF7DJt.PNG', 42),
(152, 'know/Capture3_Spo1aVB.PNG', 42),
(153, 'know/Capture4_EOEK80b.PNG', 42),
(154, 'know/Capture_zPHqGD4.PNG', 43),
(155, 'know/Capture1_JF0MxM2.PNG', 43),
(156, 'know/Capture2_ilYefUm.PNG', 43),
(157, 'know/Capture3_Ej3SIQY.PNG', 43),
(158, 'know/Capt12ure.PNG', 44),
(159, 'know/Captu112re.PNG', 44),
(160, 'know/Captuddre.PNG', 44),
(161, 'know/119074443_351402922572273_366786101228978060_n.jpg', 44),
(162, 'know/39112168_1062564340578350_2564578376064958464_o.jpg', 45),
(163, 'know/Captur11e.PNG', 45),
(164, 'know/Capture_zBOi5YS.PNG', 45),
(165, 'know/Capture1_4FpZPQH.PNG', 45),
(166, 'know/Capture_Qh3vxVa.PNG', 46),
(167, 'know/Capture1_dHOZmnh.PNG', 46),
(168, 'know/Capture2_0FzmKjD.PNG', 46),
(169, 'know/Capture3_cYbOdSF.PNG', 46),
(170, 'know/Capture_rcSUgSy.PNG', 47),
(171, 'know/Capture2_I5PLY0I.PNG', 47),
(172, 'know/Capture3_R7D5SkP.PNG', 47),
(173, 'know/Capture_t5WqK5T.PNG', 48),
(174, 'know/Capture1_nvTUZI9.PNG', 48),
(175, 'know/Capture2_XUVNY8Z.PNG', 48),
(176, 'know/Capture4_sbn9yq8.PNG', 48),
(180, 'know/Capture_7KieZrf.PNG', 50),
(181, 'know/Capture1_o5Io501.PNG', 50),
(182, 'know/Capture2_GW28Pnu.PNG', 50),
(183, 'know/Capture3_TxknG0M.PNG', 50),
(184, 'know/86810600_2500057670207162_3840534660589289472_o.jpg', 51),
(185, 'know/C22apture.PNG', 51),
(186, 'know/Capture_OCiaxKo.PNG', 51),
(187, 'know/Capture2_T9RTs5W.PNG', 51),
(188, 'know/Capt22222ure.PNG', 52),
(189, 'know/Captdddddure.PNG', 52),
(190, 'know/Capture_am50Pbc.PNG', 52),
(191, 'know/Capture1_3gNiNzV.PNG', 52),
(192, 'know/118943722_1067141967056876_586831540858692371_n.jpg', 53),
(193, 'know/Capture_bTyZ3YG.PNG', 53),
(194, 'know/Capture1_v4Cb4gs.PNG', 53),
(195, 'know/Capture2_A6IR5fO.PNG', 53),
(196, 'know/Capture_IyEKUEn.PNG', 54),
(197, 'know/Capture1PNG.PNG', 54),
(198, 'know/119149077_3361568420576064_5068955231858285160_n.jpg', 5),
(215, 'know/16388337_1714327998878897_4113718808439356231_n_WTRo4qq.jpg', 59),
(216, 'know/104676491_2522407648070924_5990451267959343864_o_yiOyNnI.jpg', 59),
(217, 'know/Capture999_S2sL2mz.PNG', 59),
(218, 'know/Cap2121212ture_9pJ7xd3.PNG', 59),
(219, 'know/29791425_624414631246734_713627089136286976_n_2mWSAJW.jpg', 60),
(220, 'know/Captur2113213e_gZtgq3L.PNG', 60),
(221, 'know/81374051_1087963078225218_4437032929977171968_o_VqYAZcN.jpg', 60),
(222, 'know/46059101_779823069039222_2598229839966109696_n_1hLcjo6.jpg', 60),
(223, 'know/Capt2121ure_PKoJDwO.PNG', 61),
(224, 'know/Capt13121ure.PNG', 61),
(225, 'know/Captur33e_GPS4oRE.PNG', 61),
(226, 'know/117600688_930241980720754_2515178107008815920_o_JGPPFoZ.jpg', 62),
(227, 'know/Cap212ture_Vl4qz0B.PNG', 62),
(228, 'know/Cap2131ture_yKxUuRu.PNG', 62),
(229, 'know/118815735_941674412910844_5455968320002507360_o.jpg', 62),
(233, 'know/Capture_BYK9GwA.PNG', 64),
(234, 'know/Capture2_I6WleVv.PNG', 64),
(235, 'know/truonghoanggiang2.PNG', 65),
(236, 'know/truonghoanggiang1PNG.PNG', 65),
(237, 'know/122442016_272444970703774_52449410520873437_n.jpg', 66),
(238, 'know/122458771_676071656256624_5980866910716699484_n.jpg', 66),
(239, 'know/122482205_1022352311611070_4958163391772176598_n.jpg', 66),
(240, 'know/truonghoanggiang1PNG_vfD4YlW.PNG', 65),
(241, 'know/122589330_877432669457943_32734379464858171_n.jpg', 66),
(242, 'know/122172001_397931591213023_6866266906157016981_n.jpg', 67),
(243, 'know/122217426_807610123391199_3922473497152394506_n.jpg', 67),
(244, 'know/122233753_1011086089303896_9159792964049408839_n.jpg', 67),
(245, 'know/122157947_3665060233512831_491235764818082759_n.jpg', 67),
(246, 'know/truonghoanggiang1PNG_o2HBmaT.PNG', 65),
(247, 'know/Capture_3_5I5UCEg.PNG', 20),
(248, 'know/122167423_634522593880756_2792255980945934932_n.jpg', 68),
(249, 'know/122394624_1517282888482084_6553926615483269666_n.jpg', 68),
(250, 'know/122354932_809219913176495_8967221039013832315_n.jpg', 68),
(251, 'know/122120675_702395897299983_4182087660087554897_n.jpg', 68);

--
-- Indexes for dumped tables
--

--
-- Indexes for table `auth_group`
--
ALTER TABLE `auth_group`
  ADD PRIMARY KEY (`id`),
  ADD UNIQUE KEY `name` (`name`);

--
-- Indexes for table `auth_group_permissions`
--
ALTER TABLE `auth_group_permissions`
  ADD PRIMARY KEY (`id`),
  ADD UNIQUE KEY `auth_group_permissions_group_id_permission_id_0cd325b0_uniq` (`group_id`,`permission_id`),
  ADD KEY `auth_group_permissio_permission_id_84c5c92e_fk_auth_perm` (`permission_id`);

--
-- Indexes for table `auth_permission`
--
ALTER TABLE `auth_permission`
  ADD PRIMARY KEY (`id`),
  ADD UNIQUE KEY `auth_permission_content_type_id_codename_01ab375a_uniq` (`content_type_id`,`codename`);

--
-- Indexes for table `auth_user`
--
ALTER TABLE `auth_user`
  ADD PRIMARY KEY (`id`),
  ADD UNIQUE KEY `username` (`username`);

--
-- Indexes for table `auth_user_groups`
--
ALTER TABLE `auth_user_groups`
  ADD PRIMARY KEY (`id`),
  ADD UNIQUE KEY `auth_user_groups_user_id_group_id_94350c0c_uniq` (`user_id`,`group_id`),
  ADD KEY `auth_user_groups_group_id_97559544_fk_auth_group_id` (`group_id`);

--
-- Indexes for table `auth_user_user_permissions`
--
ALTER TABLE `auth_user_user_permissions`
  ADD PRIMARY KEY (`id`),
  ADD UNIQUE KEY `auth_user_user_permissions_user_id_permission_id_14a6b632_uniq` (`user_id`,`permission_id`),
  ADD KEY `auth_user_user_permi_permission_id_1fbb5f2c_fk_auth_perm` (`permission_id`);

--
-- Indexes for table `django_admin_log`
--
ALTER TABLE `django_admin_log`
  ADD PRIMARY KEY (`id`),
  ADD KEY `django_admin_log_content_type_id_c4bce8eb_fk_django_co` (`content_type_id`),
  ADD KEY `django_admin_log_user_id_c564eba6_fk_auth_user_id` (`user_id`);

--
-- Indexes for table `django_content_type`
--
ALTER TABLE `django_content_type`
  ADD PRIMARY KEY (`id`),
  ADD UNIQUE KEY `django_content_type_app_label_model_76bd3d3b_uniq` (`app_label`,`model`);

--
-- Indexes for table `django_migrations`
--
ALTER TABLE `django_migrations`
  ADD PRIMARY KEY (`id`);

--
-- Indexes for table `django_session`
--
ALTER TABLE `django_session`
  ADD PRIMARY KEY (`session_key`),
  ADD KEY `django_session_expire_date_a5c62663` (`expire_date`);

--
-- Indexes for table `face_student`
--
ALTER TABLE `face_student`
  ADD PRIMARY KEY (`id`);

--
-- Indexes for table `face_studentimage`
--
ALTER TABLE `face_studentimage`
  ADD PRIMARY KEY (`id`),
  ADD KEY `face_studentimage_student_id_0edcfb07_fk_face_student_id` (`student_id`);

--
-- AUTO_INCREMENT for dumped tables
--

--
-- AUTO_INCREMENT for table `auth_group`
--
ALTER TABLE `auth_group`
  MODIFY `id` int(11) NOT NULL AUTO_INCREMENT;

--
-- AUTO_INCREMENT for table `auth_group_permissions`
--
ALTER TABLE `auth_group_permissions`
  MODIFY `id` int(11) NOT NULL AUTO_INCREMENT;

--
-- AUTO_INCREMENT for table `auth_permission`
--
ALTER TABLE `auth_permission`
  MODIFY `id` int(11) NOT NULL AUTO_INCREMENT, AUTO_INCREMENT=33;

--
-- AUTO_INCREMENT for table `auth_user`
--
ALTER TABLE `auth_user`
  MODIFY `id` int(11) NOT NULL AUTO_INCREMENT, AUTO_INCREMENT=2;

--
-- AUTO_INCREMENT for table `auth_user_groups`
--
ALTER TABLE `auth_user_groups`
  MODIFY `id` int(11) NOT NULL AUTO_INCREMENT;

--
-- AUTO_INCREMENT for table `auth_user_user_permissions`
--
ALTER TABLE `auth_user_user_permissions`
  MODIFY `id` int(11) NOT NULL AUTO_INCREMENT;

--
-- AUTO_INCREMENT for table `django_admin_log`
--
ALTER TABLE `django_admin_log`
  MODIFY `id` int(11) NOT NULL AUTO_INCREMENT, AUTO_INCREMENT=346;

--
-- AUTO_INCREMENT for table `django_content_type`
--
ALTER TABLE `django_content_type`
  MODIFY `id` int(11) NOT NULL AUTO_INCREMENT, AUTO_INCREMENT=9;

--
-- AUTO_INCREMENT for table `django_migrations`
--
ALTER TABLE `django_migrations`
  MODIFY `id` int(11) NOT NULL AUTO_INCREMENT, AUTO_INCREMENT=20;

--
-- AUTO_INCREMENT for table `face_student`
--
ALTER TABLE `face_student`
  MODIFY `id` int(11) NOT NULL AUTO_INCREMENT, AUTO_INCREMENT=69;

--
-- AUTO_INCREMENT for table `face_studentimage`
--
ALTER TABLE `face_studentimage`
  MODIFY `id` int(11) NOT NULL AUTO_INCREMENT, AUTO_INCREMENT=252;

--
-- Constraints for dumped tables
--

--
-- Constraints for table `auth_group_permissions`
--
ALTER TABLE `auth_group_permissions`
  ADD CONSTRAINT `auth_group_permissio_permission_id_84c5c92e_fk_auth_perm` FOREIGN KEY (`permission_id`) REFERENCES `auth_permission` (`id`),
  ADD CONSTRAINT `auth_group_permissions_group_id_b120cbf9_fk_auth_group_id` FOREIGN KEY (`group_id`) REFERENCES `auth_group` (`id`);

--
-- Constraints for table `auth_permission`
--
ALTER TABLE `auth_permission`
  ADD CONSTRAINT `auth_permission_content_type_id_2f476e4b_fk_django_co` FOREIGN KEY (`content_type_id`) REFERENCES `django_content_type` (`id`);

--
-- Constraints for table `auth_user_groups`
--
ALTER TABLE `auth_user_groups`
  ADD CONSTRAINT `auth_user_groups_group_id_97559544_fk_auth_group_id` FOREIGN KEY (`group_id`) REFERENCES `auth_group` (`id`),
  ADD CONSTRAINT `auth_user_groups_user_id_6a12ed8b_fk_auth_user_id` FOREIGN KEY (`user_id`) REFERENCES `auth_user` (`id`);

--
-- Constraints for table `auth_user_user_permissions`
--
ALTER TABLE `auth_user_user_permissions`
  ADD CONSTRAINT `auth_user_user_permi_permission_id_1fbb5f2c_fk_auth_perm` FOREIGN KEY (`permission_id`) REFERENCES `auth_permission` (`id`),
  ADD CONSTRAINT `auth_user_user_permissions_user_id_a95ead1b_fk_auth_user_id` FOREIGN KEY (`user_id`) REFERENCES `auth_user` (`id`);

--
-- Constraints for table `django_admin_log`
--
ALTER TABLE `django_admin_log`
  ADD CONSTRAINT `django_admin_log_content_type_id_c4bce8eb_fk_django_co` FOREIGN KEY (`content_type_id`) REFERENCES `django_content_type` (`id`),
  ADD CONSTRAINT `django_admin_log_user_id_c564eba6_fk_auth_user_id` FOREIGN KEY (`user_id`) REFERENCES `auth_user` (`id`);

--
-- Constraints for table `face_studentimage`
--
ALTER TABLE `face_studentimage`
  ADD CONSTRAINT `face_studentimage_student_id_0edcfb07_fk_face_student_id` FOREIGN KEY (`student_id`) REFERENCES `face_student` (`id`);
COMMIT;

/*!40101 SET CHARACTER_SET_CLIENT=@OLD_CHARACTER_SET_CLIENT */;
/*!40101 SET CHARACTER_SET_RESULTS=@OLD_CHARACTER_SET_RESULTS */;
/*!40101 SET COLLATION_CONNECTION=@OLD_COLLATION_CONNECTION */;
